condition,accuracy
congruent,0.9586406096361848
incongruent,0.9302746566791511
neutral,0.9490909090909091
