{
    "shapiro_statistic": 0.9706928479618359,
    "shapiro_pvalue": 0.05998523679241533,
    "skewness": 0.40998207539433706,
    "kurtosis": -0.5734564634337818,
    "n_subjects": 81
}