condition,RT
congruent,0.6735240195843655
incongruent,0.7777325242705867
neutral,0.6898507522938455
