{"mean_effect": 0.10633077438679957, "effect_size_dz": 1.9743845313970234, "t_stat": 17.76946078257321, "p_value": 1.6724100536711219e-29, "n_subjects": 81}