comparison,t_statistic,p_value,effect_size_dz,ci_low,ci_high
Incongruent vs Congruent,17.76946078257321,1.6724100536711219e-29,1.9743845313970234,0.09460231957614394,0.11805922919745519
